{"cameraMode":{"drawMode":0,"name":"Shaded","section":"Shading Mode"},"sceneLighting":false,"audioPlay":false,"sceneViewState":{"m_AlwaysRefresh":false,"showFog":true,"showSkybox":true,"showFlares":true,"showImageEffects":true,"showParticleSystems":true,"showVisualEffectGraphs":true,"m_FxEnabled":true},"in2DMode":false,"pivot":{"x":892.0855712890625,"y":493.64569091796877,"z":-71.29898071289063},"rotation":{"x":-0.015469127334654332,"y":0.11672811955213547,"z":0.0020288603845983745,"w":0.9931241869926453},"size":1263.387451171875,"orthographic":true}