{"cameraMode":{"drawMode":0,"name":"Shaded","section":"Shading Mode"},"sceneLighting":false,"audioPlay":false,"sceneViewState":{"m_AlwaysRefresh":false,"showFog":true,"showSkybox":true,"showFlares":true,"showImageEffects":true,"showParticleSystems":true,"showVisualEffectGraphs":true,"m_FxEnabled":true},"in2DMode":false,"pivot":{"x":-793.8656005859375,"y":-246.2100830078125,"z":-521.3009033203125},"rotation":{"x":-0.043713394552469257,"y":0.058101534843444827,"z":-0.0026038449723273517,"w":-0.9974454045295715},"size":22.08478546142578,"orthographic":true}