{"cameraMode":{"drawMode":0,"name":"Shaded","section":"Shading Mode"},"sceneLighting":false,"audioPlay":false,"sceneViewState":{"m_AlwaysRefresh":false,"showFog":true,"showSkybox":true,"showFlares":true,"showImageEffects":true,"showParticleSystems":true,"showVisualEffectGraphs":true,"m_FxEnabled":true},"in2DMode":false,"pivot":{"x":-3.1649014949798586,"y":5.04693603515625,"z":74.67858123779297},"rotation":{"x":0.0003211038711015135,"y":0.9909988641738892,"z":-0.13399837911128999,"w":0.0023883325047791006},"size":6.8931403160095219,"orthographic":true}