{"cameraMode":{"drawMode":0,"name":"Shaded","section":"Shading Mode"},"sceneLighting":false,"audioPlay":false,"sceneViewState":{"m_AlwaysRefresh":false,"showFog":true,"showSkybox":true,"showFlares":true,"showImageEffects":true,"showParticleSystems":true,"showVisualEffectGraphs":true,"m_FxEnabled":true},"in2DMode":false,"pivot":{"x":180.5879669189453,"y":478.6563415527344,"z":-70.39993286132813},"rotation":{"x":-0.04379208758473396,"y":-0.017942266538739206,"z":0.0007643863209523261,"w":-0.9991897344589233},"size":179.09413146972657,"orthographic":true}