{"cameraMode":{"drawMode":0,"name":"Shaded","section":"Shading Mode"},"sceneLighting":false,"audioPlay":false,"sceneViewState":{"m_AlwaysRefresh":false,"showFog":true,"showSkybox":true,"showFlares":true,"showImageEffects":true,"showParticleSystems":true,"showVisualEffectGraphs":true,"m_FxEnabled":true},"in2DMode":false,"pivot":{"x":75.63642883300781,"y":3.963738203048706,"z":-295.7718505859375},"rotation":{"x":0.023995457217097284,"y":0.019192282110452653,"z":-0.0004226656164973974,"w":0.9995895624160767},"size":32.44161605834961,"orthographic":true}